Qty,Booking Agent,Receipt,Loading Port,Vessel/Voyage,Vessel Name,Pack,Teus,Container,Booking Reference,BL Number,Next POD,Discharge Port,Delivery,Discharge Instructions,Gross Wgt,Bkg Pty Name,Quote Ref/US SVC,Decider Fullname,Hazardous,Reefer Flag,OOG Flag,Original Reference,Transhipment Port,Current,Verified Gross Mass
3,ZSN,CNGON,CNNSA,0ME39W1MA,CMA CGM CASSIOPEIA,40HC,2,TCKU6206160,ZSN0292541,ZSN0292541,ESVLC,GPPTP,,,13900,INNOVATIVE TRADE LINKS LIMITED,QHOF063023,TTOM,N,N,N,KITTY,ESVLC,CNNSA,14921.46,
3,ZSN,CNGON,CNNSA,0ME39W1MA,CMA CGM CASSIOPEIA,40HC,2,ECMU9538653,ZSN0292541,ZSN0292541,ESVLC,GPPTP,,,13900,INNOVATIVE TRADE LINKS LIMITED,QHOF063023,TTOM,N,N,N,KITTY,ESVLC,CNNSA,14529.45,
3,ZSN,CNGON,CNNSA,0ME39W1MA,CMA CGM CASSIOPEIA,40HC,2,TEMU6560543,ZSN0292541,ZSN0292541,ESVLC,GPPTP,,,13900,INNOVATIVE TRADE LINKS LIMITED,QHOF063023,TTOM,N,N,N,KITTY,ESVLC,CNNSA,15041.46,
2,ZSN,CNZUH,CNNSA,0ME39W1MA,CMA CGM CASSIOPEIA,40HC,2,TCLU1514424,ZSN0292910,,MTMLA,ITNAP,,ITTFG,8900,MAINFREIGHT INTL LOG SHG CO LTD GZ,QGEN057234,MAINFREIGHT ITALY SRL,N,N,N,KITTY,MTMLA,CNNSA,14516.56,
2,ZSN,CNZUH,CNNSA,0ME39W1MA,CMA CGM CASSIOPEIA,40HC,2,FSCU8605738,ZSN0292910,,MTMLA,ITNAP,,ITTFG,8900,MAINFREIGHT INTL LOG SHG CO LTD GZ,QGEN057234,MAINFREIGHT ITALY SRL,N,N,N,KITTY,MTMLA,CNNSA,14776.94,
2,ZSN,CNZUH,CNNSA,0ME39W1MA,CMA CGM CASSIOPEIA,40ST,2,APZU4721030,ZSN0292911,,MTMLA,ITNAP,,ITTFG,8700,MAINFREIGHT INTL LOG SHG CO LTD GZ,QGEN057234,MAINFREIGHT ITALY SRL,N,N,N,KITTY,MTMLA,CNNSA,11882.74,
2,ZSN,CNZUH,CNNSA,0ME39W1MA,CMA CGM CASSIOPEIA,40ST,2,APZU4855385,ZSN0292911,,MTMLA,ITNAP,,ITTFG,8700,MAINFREIGHT INTL LOG SHG CO LTD GZ,QGEN057234,MAINFREIGHT ITALY SRL,N,N,N,KITTY,MTMLA,CNNSA,11490.4,
1,ZSN,CNZSN,CNNSA,0ME39W1MA,CMA CGM CASSIOPEIA,40HC,2,UNASSIGNED,ZSN0293698,,ESVLC,ESVLC,,,18900,KUEHNE + NAGEL LTD,IF001-MBW-13-013,KUEHNE + NAGEL INTERNATIONAL AG,N,N,N,KITTY,,CNNSA,,
1,ZSN,CNJMN,CNNSA,0ME39W1MA,CMA CGM CASSIOPEIA,40HC,2,CMAU5379864,ZSN0293880,ZSN0293880,ESVLC,MQFDF,,,15900,SHANGHAI SUPREME INTERNATIONAL,QMRG012629,AGENCE MARITIME MARTIN,N,N,N,KITTY,CNNSA,CNNSA,11400,
1,ZSN,,CNNSA,0ME39W1MA,CMA CGM CASSIOPEIA,40HC,2,CMAU5856484,ZSN0294316,,MTMLA,MEBAR,,,11900,KUEHNE + NAGEL LTD,QGEN057465,CANDY HOOVER GROUP SRL,N,N,N,KITTY,MTMLA,CNNSA,10196,
1,ZSN,CNZSN,CNNSA,0ME39W1MA,CMA CGM CASSIOPEIA,40HC,2,TCKU9501597,ZSN0294397,,MTMLA,LYMRA,,,13900,NINGBO CHIAOFENG SHIPPING LTD,FL4891-NFX-10-004,NORTH AFRICA SHIPPING,N,N,N,EUNICE,MTMLA,CNNSA,,
1,ZSN,CNGON,CNNSA,0ME39W1MA,CMA CGM CASSIOPEIA,20ST,1,TEMU2588115,ZSN0294835,ZSN0294835,ESVLC,ESVLC,,,20230,ALSACARGO LOGISTICS (SHANGHAI) CO,QIVL018154,ALSACARGO LOGISTICS SL,N,N,N,KITTY 30-APR,CNNSA,CNNSA,4880,
2,ZSN,,CNNSA,0ME39W1MA,CMA CGM CASSIOPEIA,40HC,2,TCNU2063174,ZSN0294914,,MTMLA,LYKHO,,,13900,GZ EVER STAR INT LOG CO LTD,QZSN005286,GZ EVER STAR INT LOG CO LTD,N,N,N,EUNICE,MTMLA,CNNSA,,
2,ZSN,,CNNSA,0ME39W1MA,CMA CGM CASSIOPEIA,40HC,2,CMAU7497110,ZSN0294914,,MTMLA,LYKHO,,,13900,GZ EVER STAR INT LOG CO LTD,QZSN005286,GZ EVER STAR INT LOG CO LTD,N,N,N,EUNICE,MTMLA,CNNSA,,
1,ZSN,CNZSN,CNNSA,0ME39W1MA,CMA CGM CASSIOPEIA,40HC,2,GESU6682134,ZSN0294916,,ESVLC,GPPTP,,,17900,SHANGHAI SUPREME INTERNATIONAL,QMRG012629,AGENCE MARITIME MARTIN,N,N,N,KITTY,ESVLC,CNNSA,14280,
10,ZSN,CNZUH,CNNSA,0ME39W1MA,CMA CGM CASSIOPEIA,40HC,2,UNASSIGNED,ZSN0294918,,MTMLA,LYMRA,,,14900,BEST INTL SHIPPING AGENCY CO,QUSH004428,BEST INTL SHIPPING AGENCY CO,N,N,N,EUNICE,MTMLA,CNNSA,,
10,ZSN,CNZUH,CNNSA,0ME39W1MA,CMA CGM CASSIOPEIA,40HC,2,UNASSIGNED,ZSN0294918,,MTMLA,LYMRA,,,14900,BEST INTL SHIPPING AGENCY CO,QUSH004428,BEST INTL SHIPPING AGENCY CO,N,N,N,EUNICE,MTMLA,CNNSA,,
10,ZSN,CNZUH,CNNSA,0ME39W1MA,CMA CGM CASSIOPEIA,40HC,2,UNASSIGNED,ZSN0294918,,MTMLA,LYMRA,,,14900,BEST INTL SHIPPING AGENCY CO,QUSH004428,BEST INTL SHIPPING AGENCY CO,N,N,N,EUNICE,MTMLA,CNNSA,,
10,ZSN,CNZUH,CNNSA,0ME39W1MA,CMA CGM CASSIOPEIA,40HC,2,UNASSIGNED,ZSN0294918,,MTMLA,LYMRA,,,14900,BEST INTL SHIPPING AGENCY CO,QUSH004428,BEST INTL SHIPPING AGENCY CO,N,N,N,EUNICE,MTMLA,CNNSA,,
10,ZSN,CNZUH,CNNSA,0ME39W1MA,CMA CGM CASSIOPEIA,40HC,2,UNASSIGNED,ZSN0294918,,MTMLA,LYMRA,,,14900,BEST INTL SHIPPING AGENCY CO,QUSH004428,BEST INTL SHIPPING AGENCY CO,N,N,N,EUNICE,MTMLA,CNNSA,,
10,ZSN,CNZUH,CNNSA,0ME39W1MA,CMA CGM CASSIOPEIA,40HC,2,UNASSIGNED,ZSN0294918,,MTMLA,LYMRA,,,14900,BEST INTL SHIPPING AGENCY CO,QUSH004428,BEST INTL SHIPPING AGENCY CO,N,N,N,EUNICE,MTMLA,CNNSA,,
10,ZSN,CNZUH,CNNSA,0ME39W1MA,CMA CGM CASSIOPEIA,40HC,2,UNASSIGNED,ZSN0294918,,MTMLA,LYMRA,,,14900,BEST INTL SHIPPING AGENCY CO,QUSH004428,BEST INTL SHIPPING AGENCY CO,N,N,N,EUNICE,MTMLA,CNNSA,,
10,ZSN,CNZUH,CNNSA,0ME39W1MA,CMA CGM CASSIOPEIA,40HC,2,UNASSIGNED,ZSN0294918,,MTMLA,LYMRA,,,14900,BEST INTL SHIPPING AGENCY CO,QUSH004428,BEST INTL SHIPPING AGENCY CO,N,N,N,EUNICE,MTMLA,CNNSA,,
10,ZSN,CNZUH,CNNSA,0ME39W1MA,CMA CGM CASSIOPEIA,40HC,2,UNASSIGNED,ZSN0294918,,MTMLA,LYMRA,,,14900,BEST INTL SHIPPING AGENCY CO,QUSH004428,BEST INTL SHIPPING AGENCY CO,N,N,N,EUNICE,MTMLA,CNNSA,,
10,ZSN,CNZUH,CNNSA,0ME39W1MA,CMA CGM CASSIOPEIA,40HC,2,UNASSIGNED,ZSN0294918,,MTMLA,LYMRA,,,14900,BEST INTL SHIPPING AGENCY CO,QUSH004428,BEST INTL SHIPPING AGENCY CO,N,N,N,EUNICE,MTMLA,CNNSA,,
3,ZSN,CNJMN,CNNSA,0ME39W1MA,CMA CGM CASSIOPEIA,20ST,1,TGHU1259400,ZSN0294921,,MTMLA,DZALG,,DZALS,29200,CHINATRANS INTL LIMITED,QZSN005387,CHINATRANS INT LTD,N,N,N,EUNICE 14-APR,MTMLA,CNNSA,29955,
3,ZSN,CNJMN,CNNSA,0ME39W1MA,CMA CGM CASSIOPEIA,20ST,1,CMAU0166995,ZSN0294921,,MTMLA,DZALG,,DZALS,29200,CHINATRANS INTL LIMITED,QZSN005387,CHINATRANS INT LTD,N,N,N,EUNICE 14-APR,MTMLA,CNNSA,30348,
3,ZSN,CNJMN,CNNSA,0ME39W1MA,CMA CGM CASSIOPEIA,20ST,1,CMAU0872203,ZSN0294921,,MTMLA,DZALG,,DZALS,29200,CHINATRANS INTL LIMITED,QZSN005387,CHINATRANS INT LTD,N,N,N,EUNICE 14-APR,MTMLA,CNNSA,29700,
6,ZSN,,CNNSA,0ME39W1MA,CMA CGM CASSIOPEIA,40HC,2,UNASSIGNED,ZSN0295058,,MTMLA,LYMRA,,,6400,HOPESTAR LOGISTICS CO LTD,QZSN006659,HOPESTAR LOGISTICS CO LTD,N,N,N,EUNICE,MTMLA,CNNSA,,
6,ZSN,,CNNSA,0ME39W1MA,CMA CGM CASSIOPEIA,40HC,2,UNASSIGNED,ZSN0295058,,MTMLA,LYMRA,,,6400,HOPESTAR LOGISTICS CO LTD,QZSN006659,HOPESTAR LOGISTICS CO LTD,N,N,N,EUNICE,MTMLA,CNNSA,,
6,ZSN,,CNNSA,0ME39W1MA,CMA CGM CASSIOPEIA,40HC,2,UNASSIGNED,ZSN0295058,,MTMLA,LYMRA,,,6400,HOPESTAR LOGISTICS CO LTD,QZSN006659,HOPESTAR LOGISTICS CO LTD,N,N,N,EUNICE,MTMLA,CNNSA,,
6,ZSN,,CNNSA,0ME39W1MA,CMA CGM CASSIOPEIA,40HC,2,UNASSIGNED,ZSN0295058,,MTMLA,LYMRA,,,6400,HOPESTAR LOGISTICS CO LTD,QZSN006659,HOPESTAR LOGISTICS CO LTD,N,N,N,EUNICE,MTMLA,CNNSA,,
6,ZSN,,CNNSA,0ME39W1MA,CMA CGM CASSIOPEIA,40HC,2,UNASSIGNED,ZSN0295058,,MTMLA,LYMRA,,,6400,HOPESTAR LOGISTICS CO LTD,QZSN006659,HOPESTAR LOGISTICS CO LTD,N,N,N,EUNICE,MTMLA,CNNSA,,
6,ZSN,,CNNSA,0ME39W1MA,CMA CGM CASSIOPEIA,40HC,2,UNASSIGNED,ZSN0295058,,MTMLA,LYMRA,,,6400,HOPESTAR LOGISTICS CO LTD,QZSN006659,HOPESTAR LOGISTICS CO LTD,N,N,N,EUNICE,MTMLA,CNNSA,,
1,ZSN,CNZSN,CNNSA,0ME39W1MA,CMA CGM CASSIOPEIA,40ST,2,UNASSIGNED,ZSN0295116,,MTMLA,DZALG,,DZALS,12600,SHANGHAI QIANDAO INTL LOG CO LTD,CL004477994-10-001,INTER CARGO LOGISTIQUE ALGERIE,N,N,N,EUNICE,MTMLA,CNNSA,,
1,ZSN,CNZSN,CNNSA,0ME39W1MA,CMA CGM CASSIOPEIA,40HC,2,UNASSIGNED,ZSN0295116,,MTMLA,DZALG,,DZALS,13700,SHANGHAI QIANDAO INTL LOG CO LTD,CL004477994-10-001,INTER CARGO LOGISTIQUE ALGERIE,N,N,N,EUNICE,MTMLA,CNNSA,,
2,ZSN,CNZSN,CNNSA,0ME39W1MA,CMA CGM CASSIOPEIA,40HC,2,UNASSIGNED,ZSN0295117,,MTMLA,DZALG,,DZALS,13700,SHANGHAI QIANDAO INTL LOG CO LTD,CL004477994-10-001,INTER CARGO LOGISTIQUE ALGERIE,N,N,N,EUNCIE,MTMLA,CNNSA,,
2,ZSN,CNZSN,CNNSA,0ME39W1MA,CMA CGM CASSIOPEIA,40HC,2,UNASSIGNED,ZSN0295117,,MTMLA,DZALG,,DZALS,13700,SHANGHAI QIANDAO INTL LOG CO LTD,CL004477994-10-001,INTER CARGO LOGISTIQUE ALGERIE,N,N,N,EUNCIE,MTMLA,CNNSA,,
1,ZSN,CNZSN,CNNSA,0ME39W1MA,CMA CGM CASSIOPEIA,20ST,1,UNASSIGNED,ZSN0295154,,ESVLC,MQFDF,,,12200,SINOPORT GROUP LIMITED,QSIJ007650,SIFA TRANSIT,N,N,N,KITTY,ESVLC,CNNSA,,
16,ZSN,,CNNSA,0ME39W1MA,CMA CGM CASSIOPEIA,40HC,2,UNASSIGNED,ZSN0295175,,MTMLA,DZSKI,,,7400,GZ MIDEA HUALING REFRIGERATOR CO,CL001134380-10-001,SATEREX EURL,N,N,N,EUNICE,MTMLA,CNNSA,,
16,ZSN,,CNNSA,0ME39W1MA,CMA CGM CASSIOPEIA,40HC,2,UNASSIGNED,ZSN0295175,,MTMLA,DZSKI,,,7400,GZ MIDEA HUALING REFRIGERATOR CO,CL001134380-10-001,SATEREX EURL,N,N,N,EUNICE,MTMLA,CNNSA,,
16,ZSN,,CNNSA,0ME39W1MA,CMA CGM CASSIOPEIA,40HC,2,UNASSIGNED,ZSN0295175,,MTMLA,DZSKI,,,7400,GZ MIDEA HUALING REFRIGERATOR CO,CL001134380-10-001,SATEREX EURL,N,N,N,EUNICE,MTMLA,CNNSA,,
16,ZSN,,CNNSA,0ME39W1MA,CMA CGM CASSIOPEIA,40HC,2,UNASSIGNED,ZSN0295175,,MTMLA,DZSKI,,,7400,GZ MIDEA HUALING REFRIGERATOR CO,CL001134380-10-001,SATEREX EURL,N,N,N,EUNICE,MTMLA,CNNSA,,
16,ZSN,,CNNSA,0ME39W1MA,CMA CGM CASSIOPEIA,40HC,2,UNASSIGNED,ZSN0295175,,MTMLA,DZSKI,,,7400,GZ MIDEA HUALING REFRIGERATOR CO,CL001134380-10-001,SATEREX EURL,N,N,N,EUNICE,MTMLA,CNNSA,,
16,ZSN,,CNNSA,0ME39W1MA,CMA CGM CASSIOPEIA,40HC,2,UNASSIGNED,ZSN0295175,,MTMLA,DZSKI,,,7400,GZ MIDEA HUALING REFRIGERATOR CO,CL001134380-10-001,SATEREX EURL,N,N,N,EUNICE,MTMLA,CNNSA,,
16,ZSN,,CNNSA,0ME39W1MA,CMA CGM CASSIOPEIA,40HC,2,UNASSIGNED,ZSN0295175,,MTMLA,DZSKI,,,7400,GZ MIDEA HUALING REFRIGERATOR CO,CL001134380-10-001,SATEREX EURL,N,N,N,EUNICE,MTMLA,CNNSA,,
16,ZSN,,CNNSA,0ME39W1MA,CMA CGM CASSIOPEIA,40HC,2,UNASSIGNED,ZSN0295175,,MTMLA,DZSKI,,,7400,GZ MIDEA HUALING REFRIGERATOR CO,CL001134380-10-001,SATEREX EURL,N,N,N,EUNICE,MTMLA,CNNSA,,
16,ZSN,,CNNSA,0ME39W1MA,CMA CGM CASSIOPEIA,40HC,2,UNASSIGNED,ZSN0295175,,MTMLA,DZSKI,,,7400,GZ MIDEA HUALING REFRIGERATOR CO,CL001134380-10-001,SATEREX EURL,N,N,N,EUNICE,MTMLA,CNNSA,,
16,ZSN,,CNNSA,0ME39W1MA,CMA CGM CASSIOPEIA,40HC,2,UNASSIGNED,ZSN0295175,,MTMLA,DZSKI,,,7400,GZ MIDEA HUALING REFRIGERATOR CO,CL001134380-10-001,SATEREX EURL,N,N,N,EUNICE,MTMLA,CNNSA,,
16,ZSN,,CNNSA,0ME39W1MA,CMA CGM CASSIOPEIA,40HC,2,UNASSIGNED,ZSN0295175,,MTMLA,DZSKI,,,7400,GZ MIDEA HUALING REFRIGERATOR CO,CL001134380-10-001,SATEREX EURL,N,N,N,EUNICE,MTMLA,CNNSA,,
16,ZSN,,CNNSA,0ME39W1MA,CMA CGM CASSIOPEIA,40HC,2,UNASSIGNED,ZSN0295175,,MTMLA,DZSKI,,,7400,GZ MIDEA HUALING REFRIGERATOR CO,CL001134380-10-001,SATEREX EURL,N,N,N,EUNICE,MTMLA,CNNSA,,
16,ZSN,,CNNSA,0ME39W1MA,CMA CGM CASSIOPEIA,40HC,2,UNASSIGNED,ZSN0295175,,MTMLA,DZSKI,,,7400,GZ MIDEA HUALING REFRIGERATOR CO,CL001134380-10-001,SATEREX EURL,N,N,N,EUNICE,MTMLA,CNNSA,,
16,ZSN,,CNNSA,0ME39W1MA,CMA CGM CASSIOPEIA,40HC,2,UNASSIGNED,ZSN0295175,,MTMLA,DZSKI,,,7400,GZ MIDEA HUALING REFRIGERATOR CO,CL001134380-10-001,SATEREX EURL,N,N,N,EUNICE,MTMLA,CNNSA,,
16,ZSN,,CNNSA,0ME39W1MA,CMA CGM CASSIOPEIA,40HC,2,UNASSIGNED,ZSN0295175,,MTMLA,DZSKI,,,7400,GZ MIDEA HUALING REFRIGERATOR CO,CL001134380-10-001,SATEREX EURL,N,N,N,EUNICE,MTMLA,CNNSA,,
16,ZSN,,CNNSA,0ME39W1MA,CMA CGM CASSIOPEIA,40HC,2,UNASSIGNED,ZSN0295175,,MTMLA,DZSKI,,,7400,GZ MIDEA HUALING REFRIGERATOR CO,CL001134380-10-001,SATEREX EURL,N,N,N,EUNICE,MTMLA,CNNSA,,
1,ZSN,CNZUH,CNNSA,0ME39W1MA,CMA CGM CASSIOPEIA,40HC,2,UNASSIGNED,ZSN0295257,,MTMLA,LYMRA,,,17900,UNIONWAY CONTAINER LINE,FL8611-NFX-10-001,AL KHEBRA SHIPPING COMPANY,N,N,N,EUNICE,MTMLA,CNNSA,,
7,ZSN,,CNNSA,0ME39W1MA,CMA CGM CASSIOPEIA,40HC,2,UNASSIGNED,ZSN0295297,,MTMLA,DZSKI,,,4900,GZ MIDEA HUALING REFRIGERATOR CO,CL001134380-10-001,SATEREX EURL,N,N,N,EUNICE,MTMLA,CNNSA,,
7,ZSN,,CNNSA,0ME39W1MA,CMA CGM CASSIOPEIA,40HC,2,UNASSIGNED,ZSN0295297,,MTMLA,DZSKI,,,4900,GZ MIDEA HUALING REFRIGERATOR CO,CL001134380-10-001,SATEREX EURL,N,N,N,EUNICE,MTMLA,CNNSA,,
7,ZSN,,CNNSA,0ME39W1MA,CMA CGM CASSIOPEIA,40HC,2,UNASSIGNED,ZSN0295297,,MTMLA,DZSKI,,,4900,GZ MIDEA HUALING REFRIGERATOR CO,CL001134380-10-001,SATEREX EURL,N,N,N,EUNICE,MTMLA,CNNSA,,
7,ZSN,,CNNSA,0ME39W1MA,CMA CGM CASSIOPEIA,40HC,2,UNASSIGNED,ZSN0295297,,MTMLA,DZSKI,,,4900,GZ MIDEA HUALING REFRIGERATOR CO,CL001134380-10-001,SATEREX EURL,N,N,N,EUNICE,MTMLA,CNNSA,,
7,ZSN,,CNNSA,0ME39W1MA,CMA CGM CASSIOPEIA,40HC,2,UNASSIGNED,ZSN0295297,,MTMLA,DZSKI,,,4900,GZ MIDEA HUALING REFRIGERATOR CO,CL001134380-10-001,SATEREX EURL,N,N,N,EUNICE,MTMLA,CNNSA,,
7,ZSN,,CNNSA,0ME39W1MA,CMA CGM CASSIOPEIA,40HC,2,UNASSIGNED,ZSN0295297,,MTMLA,DZSKI,,,4900,GZ MIDEA HUALING REFRIGERATOR CO,CL001134380-10-001,SATEREX EURL,N,N,N,EUNICE,MTMLA,CNNSA,,
7,ZSN,,CNNSA,0ME39W1MA,CMA CGM CASSIOPEIA,40HC,2,UNASSIGNED,ZSN0295297,,MTMLA,DZSKI,,,4900,GZ MIDEA HUALING REFRIGERATOR CO,CL001134380-10-001,SATEREX EURL,N,N,N,EUNICE,MTMLA,CNNSA,,
1,ZSN,CNGON,CNNSA,0ME39W1MA,CMA CGM CASSIOPEIA,20ST,1,CMAU1187647,ZSN0295303,ZSN0295303,FRFOS,FRFOS,,,18200,AGILITY LOGISTICS (SHG) LTD GGZ BRH,CL001348009-A-001,TECK SOON HONG(ZHUHAI) FLAVOURS&FRA,Y,N,N,,,CNNSA,18630,
1,ZSN,CNZSN,CNNSA,0ME39W1MA,CMA CGM CASSIOPEIA,40HC,2,CMAU7226503,ZSN0295569,,ESVLC,GPPTP,,,13900,SZ KINGWAY LOGISTICS CO LTD ZS BRC,QLHV064724,SOGEDIAL EXPLOITATION,N,N,N,KITTY,ESVLC,CNNSA,12780,
1,ZSN,CNZSN,CNNSA,0ME39W1MA,CMA CGM CASSIOPEIA,20ST,1,TCKU3014821,ZSN0295778,,MTMLA,LYMRA,,,7200,SZ SHINING OCEAN INTL LOGISTICS CO,QSHZ027535,SZ SHINING OCEAN INTL LOGISTICS CO,N,N,N,EUNICE 30-APR,MTMLA,CNNSA,9040,
1,ZSN,CNZUH,CNNSA,0ME39W1MA,CMA CGM CASSIOPEIA,40HC,2,UNASSIGNED,ZSN0295780,,MTMLA,LYMRA,,,12900,BEST INTL SHIPPING AGENCY CO,QUSH004428,FUNET TRADING CO LLC,N,N,N,EUNICE,MTMLA,CNNSA,,
3,ZSN,,CNNSA,0ME39W1MA,CMA CGM CASSIOPEIA,40HC,2,UNASSIGNED,ZSN0295842,,SGSIN,ITGOA,,,10400,KUEHNE + NAGEL LTD,QGEN057465,CANDY HOOVER GROUP SRL,N,N,N,KITTY,SGSIN,CNNSA,,
3,ZSN,,CNNSA,0ME39W1MA,CMA CGM CASSIOPEIA,40HC,2,UNASSIGNED,ZSN0295842,,SGSIN,ITGOA,,,10400,KUEHNE + NAGEL LTD,QGEN057465,CANDY HOOVER GROUP SRL,N,N,N,KITTY,SGSIN,CNNSA,,
3,ZSN,,CNNSA,0ME39W1MA,CMA CGM CASSIOPEIA,40HC,2,UNASSIGNED,ZSN0295842,,SGSIN,ITGOA,,,10400,KUEHNE + NAGEL LTD,QGEN057465,CANDY HOOVER GROUP SRL,N,N,N,KITTY,SGSIN,CNNSA,,
1,ZSN,CNZSN,CNNSA,0ME39W1MA,CMA CGM CASSIOPEIA,20ST,1,UNASSIGNED,ZSN0295869,,ESVLC,ESVLC,,,10200,TRANSWAYS LOGISTICS INTERNATIONAL,QIVL015284,MPG GLOBAL LOGISTICS PROVIDERS SL,N,N,N,KITTY,,CNNSA,,
1,ZSN,,CNNSA,0ME39W1MA,CMA CGM CASSIOPEIA,40HC,2,UNASSIGNED,ZSN0295959,,MTMLA,TNSUS,,,25900,GUANGZHOU EASTRANS INTL FREIGHT CO,QZSN006022,REAL WISDOM LIMITED,N,N,N,EUNICE,MTMLA,CNNSA,,
1,ZSN,,CNNSA,0ME39W1MA,CMA CGM CASSIOPEIA,20ST,1,UNASSIGNED,ZSN0295971,,MTMLA,TNSUS,,,19230,GUANGZHOU EASTRANS INTL FREIGHT CO,QZSN006022,REAL WISDOM LIMITED,N,N,N,EUNICE,MTMLA,CNNSA,,
1,ZSN,,CNNSA,0ME39W1MA,CMA CGM CASSIOPEIA,40ST,2,UNASSIGNED,ZSN0295973,,SGSIN,SYLTK,,,31200,ZHONGSHAN VANWELL LOGISTICS CO LTD,FL4119-MBW-A-002,SZ VANWELL INTL LOG CO LTD,N,N,N,KITTY,SGSIN,CNNSA,,
7,ZSN,,CNNSA,0ME39W1MA,CMA CGM CASSIOPEIA,40HC,2,UNASSIGNED,ZSN0296067,,MTMLA,LYMRA,,,6042.85,HOPESTAR LOGISTICS CO LTD,QZSN006659,HOPESTAR LOGISTICS CO LTD,N,N,N,EUNICE,MTMLA,CNNSA,,
7,ZSN,,CNNSA,0ME39W1MA,CMA CGM CASSIOPEIA,40HC,2,UNASSIGNED,ZSN0296067,,MTMLA,LYMRA,,,6042.85,HOPESTAR LOGISTICS CO LTD,QZSN006659,HOPESTAR LOGISTICS CO LTD,N,N,N,EUNICE,MTMLA,CNNSA,,
7,ZSN,,CNNSA,0ME39W1MA,CMA CGM CASSIOPEIA,40HC,2,UNASSIGNED,ZSN0296067,,MTMLA,LYMRA,,,6042.85,HOPESTAR LOGISTICS CO LTD,QZSN006659,HOPESTAR LOGISTICS CO LTD,N,N,N,EUNICE,MTMLA,CNNSA,,
7,ZSN,,CNNSA,0ME39W1MA,CMA CGM CASSIOPEIA,40HC,2,UNASSIGNED,ZSN0296067,,MTMLA,LYMRA,,,6042.85,HOPESTAR LOGISTICS CO LTD,QZSN006659,HOPESTAR LOGISTICS CO LTD,N,N,N,EUNICE,MTMLA,CNNSA,,
7,ZSN,,CNNSA,0ME39W1MA,CMA CGM CASSIOPEIA,40HC,2,UNASSIGNED,ZSN0296067,,MTMLA,LYMRA,,,6042.85,HOPESTAR LOGISTICS CO LTD,QZSN006659,HOPESTAR LOGISTICS CO LTD,N,N,N,EUNICE,MTMLA,CNNSA,,
7,ZSN,,CNNSA,0ME39W1MA,CMA CGM CASSIOPEIA,40HC,2,UNASSIGNED,ZSN0296067,,MTMLA,LYMRA,,,6042.85,HOPESTAR LOGISTICS CO LTD,QZSN006659,HOPESTAR LOGISTICS CO LTD,N,N,N,EUNICE,MTMLA,CNNSA,,
7,ZSN,,CNNSA,0ME39W1MA,CMA CGM CASSIOPEIA,40HC,2,UNASSIGNED,ZSN0296067,,MTMLA,LYMRA,,,6042.85,HOPESTAR LOGISTICS CO LTD,QZSN006659,HOPESTAR LOGISTICS CO LTD,N,N,N,EUNICE,MTMLA,CNNSA,,
10,ZSN,,CNNSA,0ME39W1MA,CMA CGM CASSIOPEIA,40HC,2,UNASSIGNED,ZSN0296069,,MTMLA,LYMRA,,,5400,HOPESTAR LOGISTICS CO LTD,QZSN006659,HOPESTAR LOGISTICS CO LTD,N,N,N,EUNICE,MTMLA,CNNSA,,
10,ZSN,,CNNSA,0ME39W1MA,CMA CGM CASSIOPEIA,40HC,2,UNASSIGNED,ZSN0296069,,MTMLA,LYMRA,,,5400,HOPESTAR LOGISTICS CO LTD,QZSN006659,HOPESTAR LOGISTICS CO LTD,N,N,N,EUNICE,MTMLA,CNNSA,,
10,ZSN,,CNNSA,0ME39W1MA,CMA CGM CASSIOPEIA,40HC,2,UNASSIGNED,ZSN0296069,,MTMLA,LYMRA,,,5400,HOPESTAR LOGISTICS CO LTD,QZSN006659,HOPESTAR LOGISTICS CO LTD,N,N,N,EUNICE,MTMLA,CNNSA,,
10,ZSN,,CNNSA,0ME39W1MA,CMA CGM CASSIOPEIA,40HC,2,UNASSIGNED,ZSN0296069,,MTMLA,LYMRA,,,5400,HOPESTAR LOGISTICS CO LTD,QZSN006659,HOPESTAR LOGISTICS CO LTD,N,N,N,EUNICE,MTMLA,CNNSA,,
10,ZSN,,CNNSA,0ME39W1MA,CMA CGM CASSIOPEIA,40HC,2,UNASSIGNED,ZSN0296069,,MTMLA,LYMRA,,,5400,HOPESTAR LOGISTICS CO LTD,QZSN006659,HOPESTAR LOGISTICS CO LTD,N,N,N,EUNICE,MTMLA,CNNSA,,
10,ZSN,,CNNSA,0ME39W1MA,CMA CGM CASSIOPEIA,40HC,2,UNASSIGNED,ZSN0296069,,MTMLA,LYMRA,,,5400,HOPESTAR LOGISTICS CO LTD,QZSN006659,HOPESTAR LOGISTICS CO LTD,N,N,N,EUNICE,MTMLA,CNNSA,,
10,ZSN,,CNNSA,0ME39W1MA,CMA CGM CASSIOPEIA,40HC,2,UNASSIGNED,ZSN0296069,,MTMLA,LYMRA,,,5400,HOPESTAR LOGISTICS CO LTD,QZSN006659,HOPESTAR LOGISTICS CO LTD,N,N,N,EUNICE,MTMLA,CNNSA,,
10,ZSN,,CNNSA,0ME39W1MA,CMA CGM CASSIOPEIA,40HC,2,UNASSIGNED,ZSN0296069,,MTMLA,LYMRA,,,5400,HOPESTAR LOGISTICS CO LTD,QZSN006659,HOPESTAR LOGISTICS CO LTD,N,N,N,EUNICE,MTMLA,CNNSA,,
10,ZSN,,CNNSA,0ME39W1MA,CMA CGM CASSIOPEIA,40HC,2,UNASSIGNED,ZSN0296069,,MTMLA,LYMRA,,,5400,HOPESTAR LOGISTICS CO LTD,QZSN006659,HOPESTAR LOGISTICS CO LTD,N,N,N,EUNICE,MTMLA,CNNSA,,
10,ZSN,,CNNSA,0ME39W1MA,CMA CGM CASSIOPEIA,40HC,2,UNASSIGNED,ZSN0296069,,MTMLA,LYMRA,,,5400,HOPESTAR LOGISTICS CO LTD,QZSN006659,HOPESTAR LOGISTICS CO LTD,N,N,N,EUNICE,MTMLA,CNNSA,,
2,ZSN,CNZUH,CNNSA,0ME39W1MA,CMA CGM CASSIOPEIA,40HC,2,UNASSIGNED,ZSN0296093,,ESVLC,MQFDF,,,15900,HONG KONG GREE ELECTRIC APPL SALES,QPAR052892,SIFA TRANSIT,N,N,N,KITTY,ESVLC,CNNSA,,
2,ZSN,CNZUH,CNNSA,0ME39W1MA,CMA CGM CASSIOPEIA,40HC,2,UNASSIGNED,ZSN0296093,,ESVLC,MQFDF,,,15900,HONG KONG GREE ELECTRIC APPL SALES,QPAR052892,SIFA TRANSIT,N,N,N,KITTY,ESVLC,CNNSA,,
15,ZSN,,CNNSA,0ME39W1MA,CMA CGM CASSIOPEIA,40HC,2,UNASSIGNED,ZSN0296149,,MTMLA,LYKHO,,,4833.33,UNITED OCEAN INTL LOGISTICS ZSN CO,QUSH004395,TCL HOME APPLIANCE(HK) CO LTD,N,N,N,EUNICE  NO RATE,MTMLA,CNNSA,,
15,ZSN,,CNNSA,0ME39W1MA,CMA CGM CASSIOPEIA,40HC,2,UNASSIGNED,ZSN0296149,,MTMLA,LYKHO,,,4833.33,UNITED OCEAN INTL LOGISTICS ZSN CO,QUSH004395,TCL HOME APPLIANCE(HK) CO LTD,N,N,N,EUNICE  NO RATE,MTMLA,CNNSA,,
15,ZSN,,CNNSA,0ME39W1MA,CMA CGM CASSIOPEIA,40HC,2,UNASSIGNED,ZSN0296149,,MTMLA,LYKHO,,,4833.33,UNITED OCEAN INTL LOGISTICS ZSN CO,QUSH004395,TCL HOME APPLIANCE(HK) CO LTD,N,N,N,EUNICE  NO RATE,MTMLA,CNNSA,,
15,ZSN,,CNNSA,0ME39W1MA,CMA CGM CASSIOPEIA,40HC,2,UNASSIGNED,ZSN0296149,,MTMLA,LYKHO,,,4833.33,UNITED OCEAN INTL LOGISTICS ZSN CO,QUSH004395,TCL HOME APPLIANCE(HK) CO LTD,N,N,N,EUNICE  NO RATE,MTMLA,CNNSA,,
15,ZSN,,CNNSA,0ME39W1MA,CMA CGM CASSIOPEIA,40HC,2,UNASSIGNED,ZSN0296149,,MTMLA,LYKHO,,,4833.33,UNITED OCEAN INTL LOGISTICS ZSN CO,QUSH004395,TCL HOME APPLIANCE(HK) CO LTD,N,N,N,EUNICE  NO RATE,MTMLA,CNNSA,,
15,ZSN,,CNNSA,0ME39W1MA,CMA CGM CASSIOPEIA,40HC,2,UNASSIGNED,ZSN0296149,,MTMLA,LYKHO,,,4833.33,UNITED OCEAN INTL LOGISTICS ZSN CO,QUSH004395,TCL HOME APPLIANCE(HK) CO LTD,N,N,N,EUNICE  NO RATE,MTMLA,CNNSA,,
15,ZSN,,CNNSA,0ME39W1MA,CMA CGM CASSIOPEIA,40HC,2,UNASSIGNED,ZSN0296149,,MTMLA,LYKHO,,,4833.33,UNITED OCEAN INTL LOGISTICS ZSN CO,QUSH004395,TCL HOME APPLIANCE(HK) CO LTD,N,N,N,EUNICE  NO RATE,MTMLA,CNNSA,,
15,ZSN,,CNNSA,0ME39W1MA,CMA CGM CASSIOPEIA,40HC,2,UNASSIGNED,ZSN0296149,,MTMLA,LYKHO,,,4833.33,UNITED OCEAN INTL LOGISTICS ZSN CO,QUSH004395,TCL HOME APPLIANCE(HK) CO LTD,N,N,N,EUNICE  NO RATE,MTMLA,CNNSA,,
15,ZSN,,CNNSA,0ME39W1MA,CMA CGM CASSIOPEIA,40HC,2,UNASSIGNED,ZSN0296149,,MTMLA,LYKHO,,,4833.33,UNITED OCEAN INTL LOGISTICS ZSN CO,QUSH004395,TCL HOME APPLIANCE(HK) CO LTD,N,N,N,EUNICE  NO RATE,MTMLA,CNNSA,,
15,ZSN,,CNNSA,0ME39W1MA,CMA CGM CASSIOPEIA,40HC,2,UNASSIGNED,ZSN0296149,,MTMLA,LYKHO,,,4833.33,UNITED OCEAN INTL LOGISTICS ZSN CO,QUSH004395,TCL HOME APPLIANCE(HK) CO LTD,N,N,N,EUNICE  NO RATE,MTMLA,CNNSA,,
15,ZSN,,CNNSA,0ME39W1MA,CMA CGM CASSIOPEIA,40HC,2,UNASSIGNED,ZSN0296149,,MTMLA,LYKHO,,,4833.33,UNITED OCEAN INTL LOGISTICS ZSN CO,QUSH004395,TCL HOME APPLIANCE(HK) CO LTD,N,N,N,EUNICE  NO RATE,MTMLA,CNNSA,,
15,ZSN,,CNNSA,0ME39W1MA,CMA CGM CASSIOPEIA,40HC,2,UNASSIGNED,ZSN0296149,,MTMLA,LYKHO,,,4833.33,UNITED OCEAN INTL LOGISTICS ZSN CO,QUSH004395,TCL HOME APPLIANCE(HK) CO LTD,N,N,N,EUNICE  NO RATE,MTMLA,CNNSA,,
15,ZSN,,CNNSA,0ME39W1MA,CMA CGM CASSIOPEIA,40HC,2,UNASSIGNED,ZSN0296149,,MTMLA,LYKHO,,,4833.33,UNITED OCEAN INTL LOGISTICS ZSN CO,QUSH004395,TCL HOME APPLIANCE(HK) CO LTD,N,N,N,EUNICE  NO RATE,MTMLA,CNNSA,,
15,ZSN,,CNNSA,0ME39W1MA,CMA CGM CASSIOPEIA,40HC,2,UNASSIGNED,ZSN0296149,,MTMLA,LYKHO,,,4833.33,UNITED OCEAN INTL LOGISTICS ZSN CO,QUSH004395,TCL HOME APPLIANCE(HK) CO LTD,N,N,N,EUNICE  NO RATE,MTMLA,CNNSA,,
15,ZSN,,CNNSA,0ME39W1MA,CMA CGM CASSIOPEIA,40HC,2,UNASSIGNED,ZSN0296149,,MTMLA,LYKHO,,,4833.33,UNITED OCEAN INTL LOGISTICS ZSN CO,QUSH004395,TCL HOME APPLIANCE(HK) CO LTD,N,N,N,EUNICE  NO RATE,MTMLA,CNNSA,,
1,ZSN,CNJMN,CNNSA,0ME39W1MA,CMA CGM CASSIOPEIA,20ST,1,UNASSIGNED,ZSN0296154,,FRFOS,FRFOS,,,3400,MORRISON EXPRESS GUANGDONG CO LTD,QLYS018002,FATTON TRANSPORTS,N,N,N,KITTY 30-APR,,CNNSA,,
1,ZSN,,CNNSA,0ME39W1MA,CMA CGM CASSIOPEIA,40HC,2,UNASSIGNED,ZSN0296196,,SGSIN,SYLTK,,,19136,ZHONGSHAN VANWELL LOGISTICS CO LTD,FL4119-MBW-A-002,SZ VANWELL INTL LOG CO LTD,N,N,N,KITTY,SGSIN,CNNSA,,
1,ZSN,,CNNSA,0ME39W1MA,CMA CGM CASSIOPEIA,45HC,2,UNASSIGNED,ZSN0296367,,MTMLA,HRPLE,,,12700,KUEHNE + NAGEL LTD,IF001-MBW-13-001,KUEHNE + NAGEL INTERNATIONAL AG,N,N,N,KITTY SP,MTMLA,CNNSA,,
1,ZSN,,CNYTN,0ME39W1MA,CMA CGM CASSIOPEIA,40ST,2,UNASSIGNED,ZSN0293334,,ESBCN,ESBCN,,,13700,KUEHNE + NAGEL LTD,IF001-MBW-13-018,KUEHNE + NAGEL INTERNATIONAL AG,N,N,N,KITTY,,CNYTN,,
2,ZSN,CNJMN,CNYTN,0ME39W1MA,CMA CGM CASSIOPEIA,40HC,2,UNASSIGNED,ZSN0294761,,ESBCN,DZMOS,,,18900,HUNICORN SHIPPING CO LTD,QSHZ027719,HUNICORN SHIPPING CO LTD,N,N,N,EUNICE 14-APR,ESBCN,CNYTN,,
2,ZSN,CNJMN,CNYTN,0ME39W1MA,CMA CGM CASSIOPEIA,40HC,2,UNASSIGNED,ZSN0294761,,ESBCN,DZMOS,,,18900,HUNICORN SHIPPING CO LTD,QSHZ027719,HUNICORN SHIPPING CO LTD,N,N,N,EUNICE 14-APR,ESBCN,CNYTN,,
